empid,empname,salary,mobile_no,acc_no,transaction_id,transaction_time,transaction_date,transaction_mode,transaction_status
101,Arun Kumar,45000,9344493333,123456,TXN824296,12:12:00,22-02-2026,NEFT,SUCCESS
102,Priya Sharma,50000,8284954534,654321,TXN205063,12:12:00,22-02-2026,NEFT,SUCCESS
103,Rahul Verma,48000,7200687193,124356,TXN274443,12:12:00,22-02-2026,NEFT,SUCCESS
104,Sneha Reddy,52000,6374213246,213465,TXN400370,12:12:00,22-02-2026,NEFT,SUCCESS
105,Vikram Singh,47000,9677097614,125643,TXN107016,12:12:00,22-02-2026,NEFT,SUCCESS
106,Anjali Mehta,51000,7092501895,215643,TXN889804,12:12:00,22-02-2026,NEFT,FAILED
